sequence,value
1.0,0.8414709848078965
1.01,0.8468318446180152
1.02,0.852108021949363
1.03,0.8572989891886034
1.04,0.8624042272433384
1.05,0.867423225594017
1.06,0.8723554823449863
1.07,0.8772005042746817
1.08,0.8819578068849475
1.09,0.8866269144494873
1.1,0.8912073600614354
1.11,0.8956986856800476
1.12,0.9001004421765051
1.1300000000000001,0.904412189378826
1.1400000000000001,0.9086334961158833
1.1500000000000001,0.9127639402605211
1.1600000000000001,0.916803108771767
1.1700000000000002,0.9207505977361357
1.1800000000000002,0.9246060124080204
1.1900000000000002,0.9283689672491667
1.2000000000000002,0.9320390859672264
1.2100000000000002,0.935616001553386
1.2200000000000002,0.9390993563190676
1.2300000000000002,0.9424888019316976
1.2400000000000002,0.9457839994495391
1.2500000000000002,0.9489846193555863
1.2600000000000002,0.9520903415905159
1.2700000000000002,0.9551008555846923
1.2800000000000002,0.958015860289225
1.2900000000000003,0.9608350642060728
1.3000000000000003,0.9635581854171931
1.3100000000000003,0.9661849516127341
1.3200000000000003,0.9687151001182653
1.3300000000000003,0.9711483779210446
1.3400000000000003,0.9734845416953194
1.3500000000000003,0.9757233578266591
1.3600000000000003,0.9778646024353163
1.3700000000000003,0.9799080613986143
1.3800000000000003,0.9818535303723598
1.3900000000000003,0.9837008148112766
1.4000000000000004,0.9854497299884603
1.4100000000000004,0.9871001010138504
1.4200000000000004,0.9886517628517199
1.4300000000000004,0.9901045603371779
1.4400000000000004,0.9914583481916865
1.4500000000000004,0.9927129910375886
1.4600000000000004,0.9938683634116449
1.4700000000000004,0.9949243497775809
1.4800000000000004,0.9958808445376401
1.4900000000000004,0.9967377520431434
1.5000000000000004,0.9974949866040544
1.5100000000000005,0.9981524724975481
1.5200000000000005,0.998710143975583
1.5300000000000005,0.999167945271476
1.5400000000000005,0.9995258306054791
1.5500000000000005,0.999783764189357
1.5600000000000005,0.9999417202299663
1.5700000000000005,0.9999996829318346
1.5800000000000005,0.9999576464987401
1.5900000000000005,0.9998156151342908
1.6000000000000005,0.9995736030415051
1.6100000000000005,0.9992316344213905
1.6200000000000006,0.998789743470524
1.6300000000000006,0.9982479743776325
1.6400000000000006,0.9976063813191737
1.6500000000000006,0.9968650284539188
1.6600000000000006,0.9960239899165366
1.6700000000000006,0.9950833498101801
1.6800000000000006,0.9940432021980758
1.6900000000000006,0.9929036510941185
1.7000000000000006,0.9916648104524686
1.7100000000000006,0.9903268041561579
1.7200000000000006,0.9888897660047014
1.7300000000000006,0.9873538397007163
1.7400000000000007,0.9857191788355534
1.7500000000000007,0.9839859468739368
1.7600000000000007,0.9821543171376184
1.7700000000000007,0.9802244727880454
1.7800000000000007,0.9781966068080445
1.7900000000000007,0.976070921982524
1.8000000000000007,0.973847630878195
1.8100000000000007,0.9715269558223152
1.8200000000000007,0.9691091288804562
1.8300000000000007,0.9665943918332974
1.8400000000000007,0.963982996152448
1.8500000000000008,0.9612752029752997
1.8600000000000008,0.9584712830789139
1.8700000000000008,0.9555715168529437
1.8800000000000008,0.9525761942715951
1.8900000000000008,0.9494856148646302
1.9000000000000008,0.9463000876874142
1.9100000000000008,0.9430199312900103
1.9200000000000008,0.9396454736853247
1.9300000000000008,0.9361770523163058
1.9400000000000008,0.9326150140222002
1.9500000000000008,0.928959715003869
1.9600000000000009,0.9252115207881679
1.9700000000000009,0.921370806191395
1.9800000000000009,0.9174379552818095
1.9900000000000009,0.9134133613412249
2.000000000000001,0.9092974268256814
2.0100000000000007,0.9050905633252007
2.020000000000001,0.9007931915226269
2.030000000000001,0.8964057411515594
2.040000000000001,0.8919286509533793
2.0500000000000007,0.8873623686333751
2.060000000000001,0.8827073508159736
2.070000000000001,0.8779640629990775
2.080000000000001,0.873132979507516
2.0900000000000007,0.8682145834456122
2.100000000000001,0.8632093666488733
2.110000000000001,0.8581178296348082
2.120000000000001,0.8529404815528757
2.130000000000001,0.8476778401335694
2.140000000000001,0.8423304316366452
2.1500000000000012,0.836898790798497
2.160000000000001,0.8313834607786826
2.170000000000001,0.8257849931056076
2.180000000000001,0.8201039476213736
2.1900000000000013,0.8143408924257952
2.200000000000001,0.8084964038195895
2.210000000000001,0.8025710662467468
2.220000000000001,0.796565472236086
2.2300000000000013,0.790480222342004
2.240000000000001,0.7843159250844194
2.250000000000001,0.7780731968879206
2.260000000000001,0.7717526620201252
2.2700000000000014,0.7653549525292527
2.280000000000001,0.7588807081809211
2.290000000000001,0.7523305763941701
2.300000000000001,0.7457052121767194
2.3100000000000014,0.73900527805947
2.320000000000001,0.7322314440302505
2.330000000000001,0.7253843874668189
2.340000000000001,0.7184647930691253
2.3500000000000014,0.7114733527908434
2.360000000000001,0.7044107657701753
2.370000000000001,0.6972777382599371
2.3800000000000012,0.6900749835569354
2.3900000000000015,0.6828032219306387
2.4000000000000012,0.67546318055115
2.410000000000001,0.6680555934164902
2.4200000000000013,0.6605812012791997
2.4300000000000015,0.6530407515722638
2.4400000000000013,0.6454349983343697
2.450000000000001,0.637764702134503
2.4600000000000013,0.6300306299958912
2.4700000000000015,0.6222335553193036
2.4800000000000013,0.6143742578057106
2.490000000000001,0.606453523378314
2.5000000000000013,0.5984721441039554
2.5100000000000016,0.5904309181139116
2.5200000000000014,0.5823306495240808
2.530000000000001,0.5741721483545715
2.5400000000000014,0.5659562304487017
2.5500000000000016,0.5576837173914155
2.5600000000000014,0.5493554364271255
2.570000000000001,0.5409722203769874
2.5800000000000014,0.53253490755562
2.5900000000000016,0.5240443416872747
2.6000000000000014,0.515501371821463
2.610000000000001,0.5069068522480523
2.6200000000000014,0.4982616424118374
2.6300000000000017,0.48956660682659797
2.6400000000000015,0.4808226149886471
2.6500000000000012,0.4720305412898815
2.6600000000000015,0.46319126493034396
2.6700000000000017,0.45430566983030485
2.6800000000000015,0.4453746445418699
2.6900000000000013,0.43639908216012513
2.7000000000000015,0.42737988023382856
2.7100000000000017,0.41831794067565736
2.7200000000000015,0.40921416967201607
2.7300000000000013,0.4000694775924183
2.7400000000000015,0.39088477889845097
2.7500000000000018,0.38166099205233006
2.7600000000000016,0.3723990394250541
2.7700000000000014,0.36309984720416705
2.7800000000000016,0.3537643453011414
2.790000000000002,0.3443934672583883
2.8000000000000016,0.3349881501559034
2.8100000000000014,0.32554933451755874
2.8200000000000016,0.31607796421705214
2.830000000000002,0.3065749863835212
2.8400000000000016,0.2970413513068307
2.8500000000000014,0.2874780123425431
2.8600000000000017,0.27788592581658506
2.870000000000002,0.2682660509296162
2.8800000000000017,0.2586193496611091
2.8900000000000015,0.2489467866731513
2.9000000000000017,0.23924932921398068
2.910000000000002,0.22952794702126247
2.9200000000000017,0.21978361222511522
2.9300000000000015,0.21001729925089785
2.9400000000000017,0.20022998472176878
2.950000000000002,0.19042264736102532
2.9600000000000017,0.18059626789423117
2.9700000000000015,0.17075182895114402
2.9800000000000018,0.160890314967454
2.990000000000002,0.1510127120863421
3.0000000000000018,0.14112000805986546
3.0100000000000016,0.13121319215018248
3.020000000000002,0.12129325503062799
3.030000000000002,0.11136118868664781
3.040000000000002,0.1014179863166001
3.0500000000000016,0.09146464223243543
3.060000000000002,0.08150215176026736
3.070000000000002,0.07153151114084148
3.080000000000002,0.06155371742991137
3.0900000000000016,0.05156976839853286
3.100000000000002,0.041580662433288715
3.110000000000002,0.031587398436451676
3.120000000000002,0.021590975726094183
3.1300000000000017,0.011592393936156499
3.140000000000002,0.0015926529164850519
3.150000000000002,-0.008407247367150837
3.160000000000002,-0.018406306933055585
3.1700000000000017,-0.028403525883605563
3.180000000000002,-0.038397904505237154
3.190000000000002,-0.04838844336841636
3.200000000000002,-0.05837414342758186
3.2100000000000017,-0.06835400612104955
3.220000000000002,-0.07832703347086707
3.230000000000002,-0.0882922281826098
3.240000000000002,-0.09824859374511045
3.2500000000000018,-0.10819513453011015
3.260000000000002,-0.11813085589181957
3.2700000000000022,-0.12805476426638188
3.280000000000002,-0.13796586727122906
3.290000000000002,-0.14786317380432026
3.300000000000002,-0.1577456941432504
3.3100000000000023,-0.16761244004422052
3.320000000000002,-0.17746242484086233
3.330000000000002,-0.18729466354290492
3.340000000000002,-0.19710817293467203
3.3500000000000023,-0.20690197167340194
3.360000000000002,-0.21667508038738179
3.370000000000002,-0.2264265217738849
3.380000000000002,-0.23615532069689915
3.3900000000000023,-0.24586050428463918
3.400000000000002,-0.2555411020268334
3.410000000000002,-0.2651961458717751
3.420000000000002,-0.27482467032312613
3.4300000000000024,-0.28442571253646465
3.440000000000002,-0.29399831241556973
3.450000000000002,-0.30354151270843105
3.460000000000002,-0.3130543591029723
3.4700000000000024,-0.3225359003224811
3.480000000000002,-0.3319851882207362
3.490000000000002,-0.3414012778768226
3.500000000000002,-0.35078322768962195
3.5100000000000025,-0.36013009947197067
3.5200000000000022,-0.36944095854447917
3.530000000000002,-0.37871487382899965
3.5400000000000023,-0.38795091794173236
3.5500000000000025,-0.39714816728596225
3.5600000000000023,-0.4063057021444188
3.570000000000002,-0.41542260677124787
3.5800000000000023,-0.4244979694835846
3.5900000000000025,-0.4335308827527201
3.6000000000000023,-0.44252044329485446
3.610000000000002,-0.45146575216142515
3.6200000000000023,-0.46036591482900024
3.6300000000000026,-0.46922004128872946
3.6400000000000023,-0.4780272461353448
3.650000000000002,-0.4867866486557013
3.6600000000000024,-0.49549737291684687
3.6700000000000026,-0.5041585478536138
3.6800000000000024,-0.5127693073557257
3.690000000000002,-0.5213287903544084
3.7000000000000024,-0.5298361409084953
3.7100000000000026,-0.5382905082900199
3.7200000000000024,-0.5466910470692891
3.730000000000002,-0.5550369171994256
3.7400000000000024,-0.5633272841003719
3.7500000000000027,-0.571561318742346
3.7600000000000025,-0.5797381977287449
3.7700000000000022,-0.5878571033784845
3.7800000000000025,-0.595917223807766
3.7900000000000027,-0.6039177530112627
3.8000000000000025,-0.611857890942721
3.8100000000000023,-0.619736843594965
3.8200000000000025,-0.6275538230792954
3.8300000000000027,-0.6353080477042777
3.8400000000000025,-0.6429987420539108
3.8500000000000023,-0.650625137065169
3.8600000000000025,-0.6581864701049069
3.8700000000000028,-0.6656819850461212
3.8800000000000026,-0.6731109323435636
3.8900000000000023,-0.6804725691086957
3.9000000000000026,-0.6877661591839757
3.910000000000003,-0.6949909732164739
3.9200000000000026,-0.7021462887308073
3.9300000000000024,-0.7092313902013877
3.9400000000000026,-0.7162455691239724
3.950000000000003,-0.723188124086514
3.9600000000000026,-0.7300583608393014
3.9700000000000024,-0.7368555923643848
3.9800000000000026,-0.7435791389442764
3.990000000000003,-0.7502283282299207
4.000000000000003,-0.75680249530793
4.0100000000000025,-0.7633009827670751
4.020000000000003,-0.7697231407640261
4.030000000000003,-0.776068327088334
4.040000000000003,-0.7823359072266545
4.0500000000000025,-0.7885252544261966
4.060000000000002,-0.7946357497573985
4.070000000000003,-0.8006667821758192
4.080000000000003,-0.8066177485832421
4.0900000000000025,-0.8124880538879858
4.100000000000003,-0.8182771110644124
4.110000000000003,-0.8239843412116272
4.120000000000003,-0.8296091736113723
4.130000000000003,-0.8351510457850949
4.140000000000002,-0.840609403550196
4.150000000000003,-0.845983701075448
4.160000000000003,-0.8512734009355759
4.170000000000003,-0.8564779741650025
4.180000000000003,-0.8615969003107423
4.190000000000003,-0.8666296674844456
4.200000000000003,-0.8715757724135894
4.210000000000003,-0.8764347204918026
4.220000000000002,-0.8812060258283265
4.230000000000003,-0.8858892112966039
4.240000000000003,-0.8904838085819897
4.250000000000003,-0.8949893582285847
4.260000000000003,-0.8994054096851792
4.270000000000003,-0.9037315213503069
4.280000000000003,-0.9079672606164065
4.290000000000003,-0.9121122039130815
4.3000000000000025,-0.916165936749456
4.310000000000003,-0.920128053755625
4.320000000000003,-0.923998158723189
4.330000000000003,-0.9277758646448765
4.340000000000003,-0.9314607937532439
4.350000000000003,-0.9350525775584503
4.360000000000003,-0.9385508568851088
4.370000000000003,-0.9419552819082019
4.380000000000003,-0.9452655121880642
4.390000000000003,-0.9484812167044268
4.400000000000003,-0.9516020738895169
4.410000000000003,-0.9546277716602172
4.4200000000000035,-0.9575580074492722
4.430000000000003,-0.9603924882355444
4.440000000000003,-0.9631309305733173
4.450000000000003,-0.9657730606206395
4.460000000000003,-0.9683186141667078
4.470000000000003,-0.9707673366582891
4.480000000000003,-0.9731189832251744
4.490000000000003,-0.975373318704667
4.5000000000000036,-0.9775301176650978
4.510000000000003,-0.9795891644283675
4.520000000000003,-0.981550253091516
4.530000000000003,-0.9834131875473112
4.540000000000003,-0.9851777815038599
4.550000000000003,-0.9868438585032371
4.560000000000003,-0.988411251939131
4.570000000000003,-0.9898798050735043
4.580000000000004,-0.9912493710522674
4.590000000000003,-0.9925198129199636
4.600000000000003,-0.9936910036334649
4.610000000000003,-0.9947628260746758
4.620000000000003,-0.9957351730622456
4.6300000000000034,-0.9966079473622858
4.640000000000003,-0.9973810616980935
4.650000000000003,-0.9980544387588796
4.660000000000004,-0.998628011207499
4.6700000000000035,-0.9991017216871849
4.680000000000003,-0.9994755228272841
4.690000000000003,-0.9997493772479941
4.700000000000003,-0.9999232575641009
4.7100000000000035,-0.999997146387718
4.720000000000003,-0.9999710363300245
4.730000000000003,-0.9998449300020044
4.740000000000004,-0.9996188400141853
4.7500000000000036,-0.9992927889753778
4.760000000000003,-0.998866809490414
4.770000000000003,-0.9983409441568873
4.780000000000003,-0.9977152455608931
4.790000000000004,-0.9969897762717693
4.800000000000003,-0.9961646088358403
4.810000000000003,-0.9952398257691623
4.820000000000004,-0.994215519549271
4.830000000000004,-0.9930917926059349
4.840000000000003,-0.9918687573109122
4.850000000000003,-0.9905465359667127
4.860000000000003,-0.9891252607943694
4.870000000000004,-0.9876050739202148
4.8800000000000034,-0.9859861273616697
4.890000000000003,-0.9842685830120409
4.900000000000004,-0.9824526126243318
4.910000000000004,-0.9805383977940682
4.9200000000000035,-0.9785261299411377
4.930000000000003,-0.9764160102906491
4.940000000000003,-0.9742082498528085
4.950000000000004,-0.9719030694018199
4.9600000000000035,-0.9695006994538079
4.970000000000003,-0.9670013802437651
4.980000000000004,-0.9644053617015296
4.990000000000004,-0.9617129034267925
5.0000000000000036,-0.9589242746631375
5.010000000000003,-0.9560397542711171
5.020000000000003,-0.9530596307003667
5.030000000000004,-0.9499842019607597
5.040000000000004,-0.9468137755926077
5.050000000000003,-0.9435486686359055
5.060000000000004,-0.9401892075986271
5.070000000000004,-0.9367357284240777
5.080000000000004,-0.9331885764572964
5.090000000000003,-0.9295481064105238
5.100000000000003,-0.9258146823277311
5.110000000000004,-0.9219886775482149
5.120000000000004,-0.9180704746692656
5.1300000000000034,-0.9140604655079055
5.140000000000004,-0.9099590510617088
5.150000000000004,-0.905766641468703
5.160000000000004,-0.9014836559663533
5.1700000000000035,-0.8971105228496409
5.180000000000003,-0.8926476794282331
5.190000000000004,-0.8880955719827527
5.200000000000004,-0.8834546557201515
5.2100000000000035,-0.8787253947281881
5.220000000000004,-0.8739082619290203
5.230000000000004,-0.8690037390319143
5.240000000000004,-0.8640123164850726
5.2500000000000036,-0.8589344934265902
5.260000000000003,-0.8537707776345416
5.270000000000004,-0.8485216854762022
5.280000000000004,-0.8431877418564148
5.290000000000004,-0.8377694801650959
5.300000000000004,-0.8322674422238988
5.310000000000004,-0.8266821782320337
5.320000000000004,-0.821014246711245
5.330000000000004,-0.8152642144499614
5.340000000000003,-0.8094326564466174
5.350000000000004,-0.8035201558521532
5.360000000000004,-0.7975273039117021
5.370000000000004,-0.7914546999054638
5.380000000000004,-0.7853029510887778
5.390000000000004,-0.7790726726314003
5.400000000000004,-0.7727644875559849
5.410000000000004,-0.7663790266757821
5.4200000000000035,-0.7599169285315588
5.430000000000004,-0.7533788393277436
5.440000000000004,-0.74676541286781
5.450000000000004,-0.7400773104888919
5.460000000000004,-0.7333152009956535
5.470000000000004,-0.72647976059341
5.480000000000004,-0.719571672820505
5.490000000000004,-0.7125916284799589
5.5000000000000036,-0.7055403255703894
5.510000000000004,-0.6984184692162104
5.520000000000004,-0.6912267715971239
5.530000000000004,-0.683965951876898
5.5400000000000045,-0.6766367361314536
5.550000000000004,-0.6692398572762587
5.560000000000004,-0.6617760549930343
5.570000000000004,-0.6542460756557886
5.580000000000004,-0.6466506722561808
5.590000000000004,-0.6389906043282203
5.600000000000004,-0.6312666378723182
5.610000000000004,-0.6234795452786825
5.6200000000000045,-0.6156301052500829
5.630000000000004,-0.6077191027239823
5.640000000000004,-0.5997473287940402
5.650000000000004,-0.5917155806310065
5.660000000000004,-0.5836246614030044
5.670000000000004,-0.5754753801952135
5.680000000000004,-0.567268551928965
5.690000000000004,-0.5590049972802459
5.700000000000005,-0.5506855425976339
5.710000000000004,-0.542311019819666
5.720000000000004,-0.5338822663916405
5.730000000000004,-0.5254001251818762
5.740000000000004,-0.5168654443974258
5.750000000000004,-0.5082790774992545
5.760000000000004,-0.4996418831168986
5.770000000000004,-0.49095472496259784
5.780000000000005,-0.48221847174492766
5.7900000000000045,-0.4734339970819311
5.800000000000004,-0.4646021794137534
5.810000000000004,-0.45572390191480155
5.820000000000004,-0.44680005240542686
5.8300000000000045,-0.4378315232631429
5.840000000000004,-0.4288192113333919
5.850000000000004,-0.4197640178398556
5.860000000000005,-0.4106668482943368
5.8700000000000045,-0.40152861240621057
5.880000000000004,-0.39235022399144975
5.890000000000004,-0.3831326008812473
5.900000000000004,-0.37387666483023274
5.910000000000005,-0.3645833414242972
5.920000000000004,-0.35525355998803854
5.930000000000004,-0.34588825349182467
5.940000000000005,-0.33648835845850006
5.950000000000005,-0.3270548148697365
5.960000000000004,-0.3175885660720306
5.970000000000004,-0.3080905586823739
5.980000000000004,-0.2985617424935902
5.990000000000005,-0.2890030703793569
6.000000000000004,-0.2794154981989216
6.010000000000004,-0.2697999847015119
6.020000000000005,-0.26015749143046374
6.030000000000005,-0.2504889826270706
6.0400000000000045,-0.24079542513415486
6.050000000000004,-0.2310777882993879
6.060000000000004,-0.2213370438783552
6.070000000000005,-0.2115741659373807
6.0800000000000045,-0.20179013075612454
6.090000000000004,-0.19198591672995066
6.100000000000005,-0.18216250427209066
6.110000000000005,-0.17232087571560586
6.1200000000000045,-0.1624620152151498
6.130000000000004,-0.15258690864855676
6.140000000000004,-0.1426965435182542
6.150000000000005,-0.13279190885251232
6.160000000000005,-0.12287399510654563
6.170000000000004,-0.11294379406346296
6.180000000000005,-0.10300229873509255
6.190000000000005,-0.09305050326268448
6.200000000000005,-0.08308940281749197
6.210000000000004,-0.07311999350125865
6.220000000000004,-0.06314327224660835
6.230000000000005,-0.05316023671735169
6.240000000000005,-0.043171885208724246
6.250000000000004,-0.033179216547552376
6.260000000000005,-0.023183229992374123
6.270000000000005,-0.01318492513351681
6.280000000000005,-0.0031853017931335495
6.2900000000000045,0.0068146400747746165
6.300000000000004,0.016813900484354154
6.310000000000005,0.02681147951789768
6.320000000000005,0.03680637742583135
6.3300000000000045,0.04679759472669432
6.340000000000005,0.056784132307083374
6.350000000000005,0.06676499152156079
6.360000000000005,0.07673917429252335
6.3700000000000045,0.08670568321000575
6.380000000000004,0.09666352163142165
6.390000000000005,0.10661169378122796
6.400000000000005,0.11654920485049805
6.410000000000005,0.1264750610964071
6.420000000000005,0.1363882699416029
6.430000000000005,0.1462878400734602
6.440000000000005,0.1561727815432163
6.450000000000005,0.1660421058649616
6.460000000000004,0.17589482611448837
6.470000000000005,0.18572995702798312
6.480000000000005,0.1955465151005486
6.490000000000005,0.20534351868455894
6.500000000000005,0.21511998808782073
6.510000000000005,0.22487494567153893
6.520000000000005,0.23460741594808512
6.530000000000005,0.24431642567854203
6.5400000000000045,0.25400100397002745
6.550000000000005,0.2636601823727835
6.560000000000005,0.27329299497701753
6.570000000000005,0.28289847850949723
6.580000000000005,0.29247567242987477
6.590000000000005,0.3020236190267374
6.600000000000005,0.3115413635133829
6.610000000000005,0.321027954123294
6.6200000000000045,0.33048244220531514
6.630000000000005,0.3399038823185177
6.640000000000005,0.34929133232673987
6.650000000000005,0.35864385349280453
6.6600000000000055,0.3679605105723896
6.670000000000005,0.37724037190754933
6.680000000000005,0.3864825095198843
6.690000000000005,0.39568599920333486
6.700000000000005,0.4048499206166024
6.710000000000005,0.41397335737518287
6.720000000000005,0.42305539714300167
6.730000000000005,0.43209513172365116
6.7400000000000055,0.44109165715120713
6.750000000000005,0.4500440737806224
6.760000000000005,0.458951486377695
6.770000000000005,0.4678130042085882
6.780000000000005,0.4766277411289034
6.790000000000005,0.4853948156722949
6.800000000000005,0.4941133511386128
6.810000000000005,0.5027824756815765
6.820000000000006,0.5114013223959569
6.830000000000005,0.5199690294042633
6.840000000000005,0.5284847399429353
6.850000000000005,0.5369476024480155
6.860000000000005,0.5453567706403057
6.870000000000005,0.5537114036099952
6.880000000000005,0.5620106659007474
6.890000000000005,0.5702537275932503
6.900000000000006,0.5784397643882045
6.9100000000000055,0.5865679576887506
6.920000000000005,0.594637494682333
6.930000000000005,0.6026475684219765
6.940000000000005,0.6105973779069827
6.9500000000000055,0.6184861281630281
6.960000000000005,0.6263130303216601
6.970000000000005,0.6340773016991855
6.980000000000006,0.6417781658749379
6.9900000000000055,0.6494148527689153
7.000000000000005,0.6569865987187931
7.010000000000005,0.664492646556286
7.020000000000005,0.6719322456828654
7.030000000000006,0.6793046521448187
7.040000000000005,0.6866091287076423
7.050000000000005,0.6938449449297674
7.060000000000006,0.7010113772356026
7.070000000000006,0.7081077089878876
7.080000000000005,0.7151332305593616
7.090000000000005,0.7220872394037221
7.100000000000005,0.7289690401258795
7.110000000000006,0.7357779445514973
7.120000000000005,0.7425132717958054
7.130000000000005,0.7491743483316929
7.140000000000006,0.7557605080570577
7.150000000000006,0.7622710923614147
7.1600000000000055,0.7687054501917593
7.170000000000005,0.7750629381176704
7.180000000000005,0.7813429203956533
7.190000000000006,0.7875447690327142
7.2000000000000055,0.7936678638491564
7.210000000000005,0.7997115925406014
7.220000000000006,0.8056753507392169
7.230000000000006,0.8115585420741519
7.2400000000000055,0.8173605782311759
7.250000000000005,0.8230808790115085
7.260000000000005,0.8287188723898383
7.270000000000006,0.8342739945715264
7.280000000000006,0.8397456900489828
7.290000000000005,0.8451334116572201
7.300000000000006,0.8504366206285677
7.310000000000006,0.8556547866465467
7.320000000000006,0.8607873878989044
7.330000000000005,0.8658339111297926
7.340000000000005,0.8707938516910937
7.350000000000006,0.8756667135928853
7.360000000000006,0.8804520095530369
7.370000000000005,0.8851492610459408
7.380000000000006,0.8897579983503624
7.390000000000006,0.8942777605964112
7.400000000000006,0.8987080958116292
7.4100000000000055,0.9030485609661871
7.420000000000005,0.9072987220171863
7.430000000000006,0.9114581539520639
7.440000000000006,0.9155264408310918
7.4500000000000055,0.9195031758289728
7.460000000000006,0.9233879612755213
7.470000000000006,0.9271804086954293
7.480000000000006,0.9308801388471155
7.4900000000000055,0.9344867817606479
7.500000000000005,0.9379999767747407
7.510000000000006,0.9414193725728203
7.520000000000006,0.9447446272181559
7.530000000000006,0.9479754081880541
7.540000000000006,0.9511113924071108
7.550000000000006,0.9541522662795167
7.560000000000006,0.9570977257204188
7.570000000000006,0.9599474761863277
7.580000000000005,0.9627012327045715
7.590000000000006,0.9653587199017934
7.600000000000006,0.9679196720314879
7.610000000000006,0.9703838330005763
7.620000000000006,0.9727509563950152
7.630000000000006,0.9750208055044376
7.640000000000006,0.9771931533458241
7.650000000000006,0.9792677826862011
7.6600000000000055,0.9812444860643631
7.670000000000006,0.9831230658116199
7.680000000000006,0.9849033340715618
7.690000000000006,0.9865851128188468
7.700000000000006,0.9881682338770014
7.710000000000006,0.989652538935239
7.720000000000006,0.9910378795642907
7.730000000000006,0.9923241172312481
7.7400000000000055,0.9935111233134165
7.750000000000006,0.9945987791111768
7.760000000000006,0.9955869758598553
7.770000000000006,0.9964756147406011
7.7800000000000065,0.9972646068902664
7.790000000000006,0.9979538734102936
7.800000000000006,0.9985433453746053
7.810000000000006,0.9990329638364962
7.820000000000006,0.9994226798345281
7.830000000000006,0.9997124543974262
7.840000000000006,0.9999022585479753
7.850000000000006,0.9999920733059188
7.8600000000000065,0.9999818896898556
7.870000000000006,0.9998717087181389
7.880000000000006,0.999661541408774
7.890000000000006,0.9993514087783167
7.900000000000006,0.9989413418397718
7.910000000000006,0.9984313815994911
7.920000000000006,0.9978215790530739
7.930000000000006,0.9971119951802666
7.940000000000007,0.9963027009388651
7.950000000000006,0.9953937772576192
7.960000000000006,0.9943853150281398
7.970000000000006,0.993277415095809
7.980000000000006,0.9920701882496973
7.990000000000006,0.9907637552114827
8.000000000000007,0.9893582466233808
8.010000000000005,0.9878538030350793
8.020000000000007,0.9862505748896826
8.030000000000006,0.9845487225086699
8.040000000000006,0.9827484160758608
8.050000000000006,0.9808498356203985
8.060000000000006,0.9788531709987462
8.070000000000007,0.9767586218757021
8.080000000000005,0.9745663977044339
8.090000000000007,0.9722767177055304
8.100000000000007,0.9698898108450846
8.110000000000007,0.9674059158117931
8.120000000000006,0.9648252809930895
8.130000000000006,0.9621481644503048
8.140000000000006,0.9593748338928627
8.150000000000006,0.9565055666515075
8.160000000000007,0.9535406496505721
8.170000000000005,0.9504803793792872
8.180000000000007,0.9473250618621276
8.190000000000007,0.9440750126282174
8.200000000000006,0.9407305566797707
8.210000000000006,0.9372920284595957
8.220000000000006,0.9337597718176488
8.230000000000008,0.9301341399766501
8.240000000000006,0.9264154954967642
8.250000000000007,0.9226042102393375
8.260000000000007,0.9187006653297219
8.270000000000007,0.9147052511191548
8.280000000000006,0.9106183671457274
8.290000000000006,0.9064404220944318
8.300000000000006,0.9021718337562911
8.310000000000006,0.8978130289865821
8.320000000000007,0.8933644436621487
8.330000000000005,0.8888265226378186
8.340000000000007,0.8841997197019094
8.350000000000007,0.8794844975308614
8.360000000000007,0.8746813276429618
8.370000000000006,0.8697906903511964
8.380000000000006,0.8648130747152192
8.390000000000008,0.8597489784924446
8.400000000000006,0.8545989080882778
8.410000000000007,0.8493633785054635
8.420000000000007,0.8440429132926002
8.430000000000007,0.8386380444917744
8.440000000000007,0.8331493125853621
8.450000000000006,0.82757726644198
8.460000000000006,0.8219224632615991
8.470000000000006,0.8161854685198253
8.480000000000008,0.8103668559113507
8.490000000000006,0.8044672072925905
8.500000000000007,0.798487112623486
8.510000000000007,0.792427169908524
8.520000000000007,0.7862879851369249
8.530000000000006,0.7800701722220499
8.540000000000006,0.773774352940009
8.550000000000008,0.7674011568674827
8.560000000000006,0.7609512213187709
8.570000000000007,0.7544251912820488
8.580000000000007,0.7478237193548851
8.590000000000007,0.7411474656789704
8.600000000000007,0.7343970978741086
8.610000000000007,0.727573290971455
8.620000000000006,0.7206767273460131
8.630000000000006,0.7137080966483986
8.640000000000008,0.706668095735873
8.650000000000006,0.6995574286026642
8.660000000000007,0.6923768063095552
8.670000000000007,0.6851269469127954
8.680000000000007,0.6778085753922816
8.690000000000007,0.670422423579067
8.700000000000006,0.662969230082178
8.710000000000008,0.655449740214752
8.720000000000006,0.6478647059195135
8.730000000000008,0.6402148856935658
8.740000000000007,0.6325010445125607
8.750000000000007,0.6247239537541869
8.760000000000007,0.6168843911210391
8.770000000000007,0.6089831405628479
8.780000000000006,0.6010209921980847
8.790000000000006,0.5929987422349507
8.800000000000008,0.5849171928917559
8.810000000000006,0.5767771523167041
8.820000000000007,0.5685794345070638
8.830000000000007,0.5603248592277889
8.840000000000007,0.5520142519295269
8.850000000000007,0.5436484436660824
8.860000000000007,0.5352282710113101
8.870000000000008,0.5267545759754573
8.880000000000006,0.5182282059209706
8.890000000000008,0.5096500134777443
8.900000000000007,0.5010208564578785
8.910000000000007,0.492341597769883
8.920000000000007,0.48361310533239377
8.930000000000007,0.4748362519873809
8.940000000000007,0.46601191541286485
8.950000000000006,0.45714097803514947
8.960000000000008,0.44822432694057857
8.970000000000006,0.43926285378683577
8.980000000000008,0.4302574547137623
8.990000000000007,0.4212090302537657
9.000000000000007,0.4121184852417501
9.010000000000007,0.40298672872464125
9.020000000000007,0.3938146738704811
9.030000000000006,0.38460323787711165
9.040000000000006,0.37535334188045616
9.050000000000008,0.3660659108624044
9.060000000000008,0.35674187355832193
9.070000000000007,0.3473821623641676
9.080000000000007,0.33798771324326093
9.090000000000007,0.32855946563268545
9.100000000000007,0.31909836234934535
9.110000000000007,0.30960534949568475
9.120000000000008,0.3000813763650765
9.130000000000008,0.29052739534690036
9.140000000000008,0.28094436183129495
9.150000000000007,0.27133323411362587
9.160000000000007,0.26169497329865576
9.170000000000007,0.2520305432044342
9.180000000000007,0.2423409102659169
9.190000000000007,0.2326270434383231
9.200000000000006,0.22288991410024073
9.210000000000008,0.21313049595648756
9.220000000000008,0.20334976494074863
9.230000000000008,0.19354869911797318
9.240000000000007,0.183728278586576
9.250000000000007,0.17388948538042656
9.260000000000007,0.16403330337064648
9.270000000000007,0.1541607181672233
9.280000000000008,0.1442727170204485
9.290000000000008,0.13437028872220025
9.300000000000008,0.12445442350705466
9.310000000000008,0.11452611295327003
9.320000000000007,0.10458634988362818
9.330000000000007,0.09463612826615299
9.340000000000007,0.08467644311471434
9.350000000000007,0.0747082903895277
9.360000000000007,0.0647326668975588
9.370000000000008,0.05475057019284209
9.380000000000008,0.04476299847673318
9.390000000000008,0.034770950498078976
9.400000000000007,0.024775425453350663
9.410000000000007,0.01477742288672313
9.420000000000007,0.004777942590121406
9.430000000000007,-0.005222015496757726
9.440000000000008,-0.015221451386440623
9.450000000000008,-0.0252193651436676
9.460000000000008,-0.03521475698539628
9.470000000000008,-0.04520662738077195
9.480000000000008,-0.05519397715108161
9.490000000000007,-0.065175807569671
9.500000000000007,-0.07515112046181639
9.510000000000007,-0.08511891830454134
9.520000000000007,-0.09507820432636803
9.530000000000008,-0.10502798260699542
9.540000000000008,-0.11496725817688337
9.550000000000008,-0.12489503711675937
9.560000000000008,-0.13481032665700254
9.570000000000007,-0.14471213527692156
9.580000000000007,-0.15459947280390596
9.590000000000007,-0.1644713505124424
9.600000000000009,-0.1743267812229884
9.610000000000008,-0.18416477940068213
9.620000000000008,-0.19398436125390595
9.630000000000008,-0.20378454483265748
9.640000000000008,-0.21356435012674563
9.650000000000007,-0.2233227991637908
9.660000000000007,-0.2330589161070213
9.670000000000007,-0.24277172735285624
9.680000000000007,-0.25246026162826496
9.690000000000008,-0.26212355008789545
9.700000000000008,-0.271760626410951
9.710000000000008,-0.2813705268978319
9.720000000000008,-0.29095229056649763
9.730000000000008,-0.30050495924856613
9.740000000000007,-0.3100275776851298
9.750000000000007,-0.3195191936222804
9.760000000000009,-0.3289788579063355
9.770000000000008,-0.33840562457874646
9.780000000000008,-0.34779855097070334
9.790000000000008,-0.35715669779739423
9.800000000000008,-0.36647912925193504
9.810000000000008,-0.3757649130989489
9.820000000000007,-0.3850131207677892
9.830000000000007,-0.39422282744539594
9.840000000000007,-0.4033931121687761
9.850000000000009,-0.4125230579171008
9.860000000000008,-0.4216117517034002
9.870000000000008,-0.43065828466587125
9.880000000000008,-0.4396617521587564
9.890000000000008,-0.44862125384280926
9.900000000000007,-0.45753589377532766
9.910000000000007,-0.46640478049974715
9.920000000000009,-0.4752270271347876
9.930000000000009,-0.4840017514631342
9.940000000000008,-0.49272807601966795
9.950000000000008,-0.501405128179205
9.960000000000008,-0.5100320402437605
9.970000000000008,-0.5186079495293168
9.980000000000008,-0.5271319984520921
9.990000000000007,-0.5356033346142973
10.000000000000007,-0.5440211108893758
10.010000000000009,-0.5523844855067161
10.020000000000008,-0.5606926221358233
10.030000000000008,-0.5689446899699592
10.040000000000008,-0.577139863809217
10.050000000000008,-0.5852773241430421
10.060000000000008,-0.5933562572321825
10.070000000000007,-0.6013758551900615
10.080000000000009,-0.6093353160635679
10.090000000000009,-0.6172338439132442
10.100000000000009,-0.625070648892889
10.110000000000008,-0.632844947328535
10.120000000000008,-0.6405559617968172
10.130000000000008,-0.6482029212027145
10.140000000000008,-0.6557850608566589
10.150000000000007,-0.6633016225510033
10.160000000000007,-0.6707518546358422
10.170000000000009,-0.6781350120941768
10.180000000000009,-0.6854503566164113
10.190000000000008,-0.6926971566741909
10.200000000000008,-0.6998746875935486
10.210000000000008,-0.7069822316273742
10.220000000000008,-0.7140190780271868
10.230000000000008,-0.7209845231142106
10.240000000000009,-0.7278778703497427
10.250000000000009,-0.7346984304048014
10.260000000000009,-0.7414455212290664
10.270000000000008,-0.7481184681190776
10.280000000000008,-0.7547166037857069
10.290000000000008,-0.761239268420886
10.300000000000008,-0.767685809763587
10.310000000000008,-0.7740555831650476
10.320000000000007,-0.780347951653236
10.330000000000009,-0.7865622859965479
10.340000000000009,-0.7926979647667255
10.350000000000009,-0.7987543744010057
10.360000000000008,-0.8047309092634723
10.370000000000008,-0.8106269717056195
10.380000000000008,-0.8164419721261164
10.390000000000008,-0.8221753290297665
10.40000000000001,-0.8278264690856587
10.410000000000009,-0.8333948271844943
10.420000000000009,-0.8388798464951048
10.430000000000009,-0.8442809785201301
10.440000000000008,-0.8495976831508684
10.450000000000008,-0.8548294287212874
10.460000000000008,-0.8599756920611897
10.470000000000008,-0.86503595854853
10.480000000000008,-0.8700097221608764
10.490000000000009,-0.8748964855260131
10.500000000000009,-0.8796957599716743
10.510000000000009,-0.8844070655744157
10.520000000000008,-0.8890299312076032
10.530000000000008,-0.8935638945885257
10.540000000000008,-0.8980085023246235
10.550000000000008,-0.9023633099588266
10.56000000000001,-0.9066278820140017
10.57000000000001,-0.9108017920364953
10.580000000000009,-0.9148846226387841
10.590000000000009,-0.9188759655412104
10.600000000000009,-0.92277542161281
10.610000000000008,-0.9265826009112254
10.620000000000008,-0.9302971227216991
10.630000000000008,-0.9339186155951458
10.640000000000008,-0.9374467173852957
10.65000000000001,-0.9408810752849108
10.660000000000009,-0.9442213458610618
10.670000000000009,-0.9474671950894751
10.680000000000009,-0.9506182983879329
10.690000000000008,-0.9536743406487311
10.700000000000008,-0.9566350162701904
10.710000000000008,-0.959500029187216
10.72000000000001,-0.9622690929009039
10.73000000000001,-0.9649419305071896
10.740000000000009,-0.9675182747245401
10.750000000000009,-0.9699978679206807
10.760000000000009,-0.972380462138358
10.770000000000008,-0.974665819120136
10.780000000000008,-0.9768537103322207
10.790000000000008,-0.9789439169873142
10.800000000000008,-0.9809362300664929
10.81000000000001,-0.9828304503401094
10.82000000000001,-0.9846263883877142
10.830000000000009,-0.9863238646169995
10.840000000000009,-0.987922709281757
10.850000000000009,-0.9894227624988523
10.860000000000008,-0.9908238742642141
10.870000000000008,-0.9921259044678332
10.88000000000001,-0.9933287229077746
10.89000000000001,-0.9944322093031962
10.90000000000001,-0.9954362533063783
10.910000000000009,-0.996340754513757
10.920000000000009,-0.9971456224759657
10.930000000000009,-0.9978507767068787
10.940000000000008,-0.9984561466916605
10.950000000000008,-0.9989616718938172
10.960000000000008,-0.9993673017612498
10.97000000000001,-0.9996729957313096
10.98000000000001,-0.9998787232348544
10.990000000000009,-0.999984463699305
11.000000000000009,-0.9999902065507034
11.010000000000009,-0.9998959512147692
11.020000000000008,-0.9997017071169573
11.030000000000008,-0.9994074936815156
11.04000000000001,-0.9990133403295426
11.05000000000001,-0.9985192864760449
11.06000000000001,-0.9979253815259964
11.07000000000001,-0.997231684869397
11.080000000000009,-0.9964382658753342
11.090000000000009,-0.9955452038850464
11.100000000000009,-0.9945525882039883
11.110000000000008,-0.9934605180929008
11.120000000000008,-0.9922691027578852
11.13000000000001,-0.9909784613394816
11.14000000000001,-0.989588722900757
11.15000000000001,-0.9881000264143968
11.160000000000009,-0.986512520748809
11.170000000000009,-0.9848263646532375
11.180000000000009,-0.9830417267418865
11.190000000000008,-0.9811587854770601
11.20000000000001,-0.9791777291513152
11.21000000000001,-0.9770987558686343
11.22000000000001,-0.9749220735246127
11.23000000000001,-0.972647899785671
11.240000000000009,-0.9702764620672879
11.250000000000009,-0.9678079975112592
11.260000000000009,-0.9652427529619834
11.270000000000008,-0.9625809849417776
11.280000000000008,-0.9598229596252257
11.29000000000001,-0.9569689528125607
11.30000000000001,-0.9540192499020863
11.31000000000001,-0.9509741458616352
11.32000000000001,-0.9478339451990737
11.330000000000009,-0.9445989619318512
11.340000000000009,-0.9412695195555988
11.350000000000009,-0.9378459510117795
11.36000000000001,-0.9343285986543941
11.37000000000001,-0.9307178142157484
11.38000000000001,-0.9270139587712767
11.39000000000001,-0.923217402703437
11.40000000000001,-0.9193285256646722
11.410000000000009,-0.9153477165394455
11.420000000000009,-0.911275373405352
11.430000000000009,-0.9071119034933117
11.440000000000008,-0.9028577231468461
11.45000000000001,-0.8985132577804439
11.46000000000001,-0.8940789418370231
11.47000000000001,-0.8895552187444818
11.48000000000001,-0.8849425408713596
11.490000000000009,-0.8802413694816
11.500000000000009,-0.8754521746884242
11.510000000000009,-0.8705754354073206
11.52000000000001,-0.8656116393081527
11.53000000000001,-0.8605612827663952
11.54000000000001,-0.8554248708134933
11.55000000000001,-0.8502029170863615
11.56000000000001,-0.8448959437760214
11.57000000000001,-0.8395044815753812
11.580000000000009,-0.8340290696261681
11.590000000000009,-0.8284702554650144
11.600000000000009,-0.8228285949687038
11.61000000000001,-0.8171046522985834
11.62000000000001,-0.8112989998441525
11.63000000000001,-0.8054122181658175
11.64000000000001,-0.7994448959368405
11.65000000000001,-0.7933976298844716
11.660000000000009,-0.7872710247302769
11.670000000000009,-0.781065693129666
11.68000000000001,-0.774782255610627
11.69000000000001,-0.7684213405116778
11.70000000000001,-0.7619835839190264
11.71000000000001,-0.7554696296029673
11.72000000000001,-0.7488801289535038
11.73000000000001,-0.7422157409152097
11.740000000000009,-0.7354771319213351
11.750000000000009,-0.7286649758271639
11.760000000000009,-0.7217799538426288
11.77000000000001,-0.7148227544641895
11.78000000000001,-0.7077940734059888
11.79000000000001,-0.7006946135302737
11.80000000000001,-0.6935250847771159
11.81000000000001,-0.6862862040934161
11.82000000000001,-0.6789786953612101
11.830000000000009,-0.6716032893252818
11.84000000000001,-0.6641607235200871
11.85000000000001,-0.6566517421960072
11.86000000000001,-0.6490770962449157
11.87000000000001,-0.6414375431250954
11.88000000000001,-0.633733846785492
11.89000000000001,-0.6259667775893201
11.90000000000001,-0.6181371122370263
11.910000000000009,-0.6102456336886214
11.920000000000009,-0.602293131085384
11.93000000000001,-0.5942803996709459
11.94000000000001,-0.5862082407117741
11.95000000000001,-0.5780774614170364
11.96000000000001,-0.5698888748578866
11.97000000000001,-0.5616432998861568
11.98000000000001,-0.553341561052473
11.990000000000009,-0.5449844885238003
12.00000000000001,-0.536572918000426
12.01000000000001,-0.5281076906323957
12.02000000000001,-0.5195896529353905
12.03000000000001,-0.5110196567060816
12.04000000000001,-0.5023985589369505
12.05000000000001,-0.49372722173058975
12.06000000000001,-0.4850065122134939
12.07000000000001,-0.4762373024493474
12.080000000000009,-0.46742046935181913
12.09000000000001,-0.4585568945968699
12.10000000000001,-0.4496474645345919
12.11000000000001,-0.4406930701005655
12.12000000000001,-0.43169460672677207
12.13000000000001,-0.42265297425205023
12.14000000000001,-0.41356907683211286
12.15000000000001,-0.404443822849132
12.16000000000001,-0.39527812482089997
12.17000000000001,-0.3860728993095848
12.18000000000001,-0.3768290668300651
12.19000000000001,-0.3675475517578855
12.20000000000001,-0.35822928223681877
12.21000000000001,-0.3488751900860517
12.22000000000001,-0.33948621070700447
12.23000000000001,-0.3300632829897907
12.240000000000009,-0.3206073492193298
12.25000000000001,-0.3111193549811172
12.26000000000001,-0.30160024906667343
12.27000000000001,-0.29205098337865565
12.28000000000001,-0.28247251283567504
12.29000000000001,-0.2728657952768039
12.30000000000001,-0.2632317913657924
12.31000000000001,-0.25357146449500345
12.320000000000011,-0.24388578068907213
12.33000000000001,-0.23417570850831107
12.34000000000001,-0.224442218951845
12.35000000000001,-0.21468628536051826
12.36000000000001,-0.20490888331956014
12.37000000000001,-0.19511099056102688
12.38000000000001,-0.18529358686602948
12.39000000000001,-0.17545765396675628
12.40000000000001,-0.16560417544830064
12.41000000000001,-0.15573413665030142
12.42000000000001,-0.14584852456841696
12.43000000000001,-0.13594832775561566
12.44000000000001,-0.12603453622332872
12.45000000000001,-0.11610814134244786
12.46000000000001,-0.10617013574418924
12.47000000000001,-0.096221513220831
12.480000000000011,-0.08626326862633324
12.49000000000001,-0.07629639777686043
12.50000000000001,-0.06632189735119005
12.51000000000001,-0.05634076479105263
12.52000000000001,-0.046353998201386575
12.53000000000001,-0.03636259625052858
12.54000000000001,-0.026367558070347605
12.55000000000001,-0.016369883156332483
12.56000000000001,-0.006370571267643253
12.570000000000011,0.003629377672865726
12.58000000000001,0.013628963678630115
12.59000000000001,0.02362718679938407
12.60000000000001,0.03362304722114735
12.61000000000001,0.04361554536620762
12.62000000000001,0.05360368199307744
12.63000000000001,0.06358645829641754
12.640000000000011,0.0735628760069183
12.650000000000011,0.0835319374911188
12.66000000000001,0.0934926458511799
12.67000000000001,0.10344400502456616
12.68000000000001,0.11338501988365302
12.69000000000001,0.1233146963352387
12.70000000000001,0.13323204141995276
12.71000000000001,0.1431360634115512
12.72000000000001,0.1530257719160881
12.730000000000011,0.16290017797095618
12.74000000000001,0.17275829414377514
12.75000000000001,0.1825991346311445
12.76000000000001,0.19242171535721614
12.77000000000001,0.20222505407210298
12.78000000000001,0.21200817045010292
12.79000000000001,0.22177008618773075
12.800000000000011,0.23150982510154933
12.810000000000011,0.2412264132257802
12.820000000000011,0.2509188789097099
12.83000000000001,0.26058625291484694
12.84000000000001,0.270227568511847
12.85000000000001,0.27984186157718477
12.86000000000001,0.28942817068956556
12.87000000000001,0.2989855372260668
12.88000000000001,0.30851300545799915
12.890000000000011,0.31800962264648075
12.900000000000011,0.32747443913770313
12.91000000000001,0.3369065084579062
12.92000000000001,0.34630488740801796
12.93000000000001,0.3556686361579754
12.94000000000001,0.3649968183407065
12.95000000000001,0.3742885011457666
12.960000000000012,0.38354275541261984
12.970000000000011,0.392758655723548
12.980000000000011,0.40193528049620164
12.99000000000001,0.4110717120757506
13.00000000000001,0.4201670368266506
13.01000000000001,0.429220345224006
13.02000000000001,0.43823073194452133
13.03000000000001,0.4471972959570334
13.04000000000001,0.45611914061261283
13.050000000000011,0.46499537373423067
13.060000000000011,0.4738251077059683
13.070000000000011,0.4826074595617883
13.08000000000001,0.4913415510738237
13.09000000000001,0.5000265088402016
13.10000000000001,0.5086614643723829
13.11000000000001,0.51724555418201
13.120000000000012,0.5257779198672571
13.130000000000011,0.5342577081986626
13.140000000000011,0.5426840712044616
13.150000000000011,0.5510561662553753
13.16000000000001,0.5593731561488755
13.17000000000001,0.5676342091929035
13.18000000000001,0.5758384992890392
13.19000000000001,0.5839852060151098
13.20000000000001,0.5920735147072316
13.210000000000012,0.6001026165412771
13.220000000000011,0.6080717086137507
13.230000000000011,0.6159799940220878
13.24000000000001,0.6238266819443377
13.25000000000001,0.631610987718247
13.26000000000001,0.639332132919725
13.27000000000001,0.6469893454406862
13.280000000000012,0.6545818595662607
13.290000000000012,0.6621089160513602
13.300000000000011,0.6695697621966102
13.310000000000011,0.6769636519236135
13.320000000000011,0.6842898458495589
13.33000000000001,0.691547611361159
13.34000000000001,0.6987362226879108
13.35000000000001,0.7058549609746719
13.36000000000001,0.7129031143535461
13.370000000000012,0.7198799780150703
13.380000000000011,0.7267848542786897
13.390000000000011,0.7336170526625331
13.400000000000011,0.7403758899524557
13.41000000000001,0.7470606902703611
13.42000000000001,0.7536707851417879
13.43000000000001,0.7602055135627575
13.440000000000012,0.7666642220658743
13.450000000000012,0.7730462647856682
13.460000000000012,0.7793510035231865
13.470000000000011,0.7855778078098096
13.480000000000011,0.7917260549702976
13.49000000000001,0.7977951301850581
13.50000000000001,0.8037844265516273
13.51000000000001,0.8096933451453594
13.52000000000001,0.8155212950793191
13.530000000000012,0.8212676935633707
13.540000000000012,0.8269319659624524
13.550000000000011,0.8325135458540457
13.560000000000011,0.8380118750848123
13.570000000000011,0.8434264038264115
13.58000000000001,0.8487565906304811
13.59000000000001,0.8540019024827824
13.600000000000012,0.8591618148565022
13.610000000000012,0.8642358117647012
13.620000000000012,0.8692233858119179
13.630000000000011,0.8741240382449038
13.640000000000011,0.8789372790024994
13.650000000000011,0.8836626267646401
13.66000000000001,0.8882996090004874
13.67000000000001,0.892847762015682
13.68000000000001,0.8973066309987122
13.690000000000012,0.9016757700663963
13.700000000000012,0.9059547423084671
13.710000000000012,0.9101431198312667
13.720000000000011,0.9142404838005334
13.730000000000011,0.9182464244832844
13.74000000000001,0.92216054128879
13.75000000000001,0.9259824428086312
13.760000000000012,0.9297117468558417
13.770000000000012,0.9333480805031232
13.780000000000012,0.9368910801201418
13.790000000000012,0.9403403914098883
13.800000000000011,0.9436956694441083
13.810000000000011,0.9469565786977944
13.820000000000011,0.9501227930827384
13.83000000000001,0.9531939959801405
13.84000000000001,0.9561698802722705
13.850000000000012,0.9590501483731791
13.860000000000012,0.9618345122584557
13.870000000000012,0.9645226934940326
13.880000000000011,0.9671144232640264
13.890000000000011,0.9696094423976197
13.900000000000011,0.9720075013949785
13.91000000000001,0.9743083604522013
13.920000000000012,0.9765117894853002
13.930000000000012,0.9786175681532072
13.940000000000012,0.9806254858798109
13.950000000000012,0.9825353418750119
13.960000000000012,0.984346945154802
13.970000000000011,0.986060114560363
13.980000000000011,0.987674678776182
13.99000000000001,0.9891904763471829
14.00000000000001,0.9906073556948718
14.010000000000012,0.9919251751324947
14.020000000000012,0.9931438028792058
14.030000000000012,0.9942631170732459
14.040000000000012,0.9952830057841286
14.050000000000011,0.9962033670238326
14.060000000000011,0.997024108757001
14.070000000000011,0.9977451489101443
14.080000000000013,0.9983664153798483
14.090000000000012,0.9988878460399833
14.100000000000012,0.9993093887479182
14.110000000000012,0.9996310013497333
14.120000000000012,0.9998526516844364
14.130000000000011,0.9999743175871789
14.140000000000011,0.9999959868914718
14.150000000000011,0.999917657430403
14.16000000000001,0.9997393370368528
14.170000000000012,0.9994610435427124
14.180000000000012,0.9990828047770991
14.190000000000012,0.9986046585635743
14.200000000000012,0.9980266527163609
14.210000000000012,0.9973488450355621
14.220000000000011,0.996571303301381
14.230000000000011,0.995694105267343
14.240000000000013,0.9947173386525204
14.250000000000012,0.9936411011327612
14.260000000000012,0.9924655003309201
14.270000000000012,0.9911906538060977
14.280000000000012,0.9898166890418842
14.290000000000012,0.9883437434336111
14.300000000000011,0.9867719642746117
14.310000000000011,0.9851015087414919
14.320000000000011,0.9833325438784133
14.330000000000013,0.9814652465803875
14.340000000000012,0.979499803575589
14.350000000000012,0.9774364114066799
14.360000000000012,0.975275276411158
14.370000000000012,0.9730166147007215
14.380000000000011,0.9706606521396596
14.390000000000011,0.9682076243222647
14.400000000000013,0.9656577765492742
14.410000000000013,0.9630113638033414
14.420000000000012,0.9602686507235351
14.430000000000012,0.9574299115788776
14.440000000000012,0.9544954302409178
14.450000000000012,0.951465500155344
14.460000000000012,0.9483404243126402
14.470000000000011,0.9451205152177861
14.480000000000011,0.9418060948590079
14.490000000000013,0.9383974946755791
14.500000000000012,0.9348950555246787
14.510000000000012,0.9312991276473023
14.520000000000012,0.9276100706332413
14.530000000000012,0.9238282533851228
14.540000000000012,0.91995405408152
14.550000000000011,0.9159878601391349
14.560000000000013,0.911930068174056
14.570000000000013,0.9077810839620994
14.580000000000013,0.9035413223982284
14.590000000000012,0.8992112074550662
14.600000000000012,0.8947911721404986
14.610000000000012,0.8902816584543738
14.620000000000012,0.8856831173443025
14.630000000000011,0.8809960086605636
14.640000000000011,0.8762208011101195
14.650000000000013,0.8713579722097451
14.660000000000013,0.8664080082382798
14.670000000000012,0.861371404187995
14.680000000000012,0.8562486637150984
14.690000000000012,0.8510402990893685
14.700000000000012,0.8457468311429276
14.710000000000012,0.8403687892181592
14.720000000000013,0.8349067111147728
14.730000000000013,0.8293611430360291
14.740000000000013,0.823732639534114
14.750000000000012,0.818021763454687
14.760000000000012,0.8122290858805971
14.770000000000012,0.8063551860747744
14.780000000000012,0.8004006514223047
14.790000000000012,0.794366077371691
14.800000000000011,0.7882520673753097
14.810000000000013,0.7820592328290643
14.820000000000013,0.7757881930112509
14.830000000000013,0.7694395750206244
14.840000000000012,0.7630140137136935
14.850000000000012,0.756512151641234
14.860000000000012,0.749934638984035
14.870000000000012,0.7432821334878811
14.880000000000013,0.7365553003977771
14.890000000000013,0.7297548123914283
14.900000000000013,0.7228813495119675
14.910000000000013,0.7159355990999545
14.920000000000012,0.7089182557246426
14.930000000000012,0.7018300211145214
14.940000000000012,0.6946716040871452
14.950000000000012,0.6874437204782515
14.960000000000012,0.6801470930701777
14.970000000000013,0.6727824515195829
14.980000000000013,0.6653505322844877
14.990000000000013,0.657852078550621
15.000000000000012,0.6502878401571074
15.010000000000012,0.6426585735214829
15.020000000000012,0.6349650415640532
15.030000000000012,0.627208013631603
15.040000000000013,0.6193882654204597
15.050000000000013,0.6115065788989309
15.060000000000013,0.6035637422290994
15.070000000000013,0.5955605496880131
15.080000000000013,0.5874978015882567
15.090000000000012,0.5793763041979215
15.100000000000012,0.5711968696599784
15.110000000000012,0.5629603159110651
15.120000000000012,0.5546674665996928
15.130000000000013,0.5463191510038804
15.140000000000013,0.5379162039482335
15.150000000000013,0.5294594657204538
15.160000000000013,0.5209497819873167
15.170000000000012,0.5123880037101043
15.180000000000012,0.5037749870595095
15.190000000000012,0.49511159333001986
15.200000000000014,0.4863986888537873
15.210000000000013,0.4776371449140017
15.220000000000013,0.46882783765775443
15.230000000000013,0.45997164800842993
15.240000000000013,0.45106946157761296
15.250000000000012,0.44212216857652825
15.260000000000012,0.4331306637270198
15.270000000000012,0.4240958461720796
15.280000000000012,0.4150186193859343
15.290000000000013,0.40589989108369645
15.300000000000013,0.3967405731306006
15.310000000000013,0.3875415814508078
15.320000000000013,0.3783038359358201
15.330000000000013,0.36902826035249103
15.340000000000012,0.3597157822506492
15.350000000000012,0.3503673328703445
15.360000000000014,0.3409838470487228
15.370000000000013,0.33156626312655024
15.380000000000013,0.3221155228543693
15.390000000000013,0.31263257129833166
15.400000000000013,0.30311835674569043
15.410000000000013,0.2935738306099724
15.420000000000012,0.28399994733583744
15.430000000000012,0.27439766430363477
15.440000000000012,0.26476794173366563
15.450000000000014,0.2551117425901607
15.460000000000013,0.2454300324849908
15.470000000000013,0.23572377958109678
15.480000000000013,0.22599395449568047
15.490000000000013,0.21624153020314227
15.500000000000012,0.20646748193778441
15.510000000000012,0.19667278709628847
15.520000000000014,0.18685842513997458
15.530000000000014,0.17702537749686328
15.540000000000013,0.16717462746352293
15.550000000000013,0.15730716010674797
15.560000000000013,0.1474239621650512
15.570000000000013,0.1375260219499908
15.580000000000013,0.12761432924734006
15.590000000000012,0.1176898752181095
15.600000000000012,0.10775365229943171
15.610000000000014,0.0978066541053166
15.620000000000013,0.087849875327298
15.630000000000013,0.07788431163495467
15.640000000000013,0.06791095957635121
15.650000000000013,0.05793081647838239
15.660000000000013,0.047944880347041266
15.670000000000012,0.03795414976761936
15.680000000000014,0.02795962380484727
15.690000000000014,0.017962301902996084
15.700000000000014,0.007963183785923133
15.710000000000013,-0.0020367306428924477
15.720000000000013,-0.012036441400341009
15.730000000000013,-0.02203494852367987
15.740000000000013,-0.03203125217052876
15.750000000000012,-0.04202435271885322
15.760000000000012,-0.052013250866925965
15.770000000000014,-0.06199694773325803
15.780000000000014,-0.07197444495647894
15.790000000000013,-0.08194474479518271
15.800000000000013,-0.09190685022769403
15.810000000000013,-0.10185976505177136
15.820000000000013,-0.11180249398422636
15.830000000000013,-0.12173404276045138
15.840000000000014,-0.13165341823384683
15.850000000000014,-0.1415596284751279
15.860000000000014,-0.15145168287152747
15.870000000000013,-0.1613285922258492
15.880000000000013,-0.17118936885538835
15.890000000000013,-0.18103302669069934
15.900000000000013,-0.19085858137420159
15.910000000000013,-0.2006650503586147
15.920000000000012,-0.21045145300521229
15.930000000000014,-0.2202168106818867
15.940000000000014,-0.2299601468610046
15.950000000000014,-0.23968048721706922
15.960000000000013,-0.2493768597241452
15.970000000000013,-0.2590482947530621
15.980000000000013,-0.2686938251683766
15.990000000000013,-0.278312486425085
16.000000000000014,-0.2879033166650789
16.010000000000012,-0.29746535681332154
16.020000000000014,-0.3069976506737732
16.030000000000015,-0.316499245024988
16.040000000000013,-0.3259691897154454
16.05000000000001,-0.3354065377585714
16.060000000000013,-0.3448103454274294
16.070000000000014,-0.3541796723490856
16.080000000000013,-0.3635135815986523
16.090000000000014,-0.37281113979298947
16.100000000000016,-0.38207141718402227
16.110000000000014,-0.3912934877517251
16.12000000000001,-0.40047642929672966
16.130000000000013,-0.409619323532537
16.140000000000015,-0.4187212561773394
16.150000000000013,-0.427781317045454
16.160000000000014,-0.4367986001383506
16.170000000000016,-0.4457722037352309
16.180000000000014,-0.45470123048321015
16.190000000000012,-0.4635847874870575
16.200000000000014,-0.47242198639847865
16.210000000000015,-0.4812119435049437
16.220000000000013,-0.48995377981806365
16.23000000000001,-0.4986466211614953
16.240000000000013,-0.5072895982583514
16.250000000000014,-0.5158818468181214
16.260000000000012,-0.5244225076231068
16.270000000000014,-0.5329107266143502
16.280000000000015,-0.541345654977023
16.290000000000013,-0.5497264492253149
16.30000000000001,-0.5580522712867881
16.310000000000013,-0.5663222885861777
16.320000000000014,-0.5745356741286423
16.330000000000013,-0.5826916065824692
16.340000000000014,-0.5907892703612155
16.350000000000016,-0.5988278557052484
16.360000000000014,-0.6068065587627296
16.37000000000001,-0.6147245816700049
16.380000000000013,-0.6225811326313847
16.390000000000015,-0.6303754259983173
16.400000000000013,-0.6381066823479584
16.410000000000014,-0.6457741285611213
16.420000000000016,-0.6533769978995713
16.430000000000014,-0.6609145300827077
16.440000000000012,-0.6683859713635961
16.450000000000014,-0.6757905746043373
16.460000000000015,-0.6831275993507749
16.470000000000013,-0.690396311906546
16.480000000000015,-0.6975959854064574
16.490000000000016,-0.7047258998891561
16.500000000000014,-0.711785342369133
16.510000000000012,-0.7187736069080255
16.520000000000014,-0.7256899946852058
16.530000000000015,-0.732533814067657
16.540000000000013,-0.739304380679142
16.55000000000001,-0.7460010174686439
16.560000000000013,-0.7526230547780669
16.570000000000014,-0.7591698304091957
16.580000000000013,-0.7656406896899208
16.590000000000014,-0.772034985539711
16.600000000000016,-0.7783520785343074
16.610000000000014,-0.7845913369696728
16.62000000000001,-0.7907521369251652
16.630000000000013,-0.7968338623259252
16.640000000000015,-0.8028359050044785
16.650000000000013,-0.8087576647615571
16.660000000000014,-0.814598549426124
16.670000000000016,-0.8203579749145781
16.680000000000014,-0.8260353652891681
16.690000000000012,-0.8316301528155897
16.700000000000014,-0.8371417780197546
16.710000000000015,-0.8425696897437333
16.720000000000013,-0.8479133452008748
16.730000000000015,-0.8531722100300901
16.740000000000016,-0.858345758349277
16.750000000000014,-0.8634334728079127
16.760000000000012,-0.8684348446387933
16.770000000000014,-0.8733493737089051
16.780000000000015,-0.8781765685694346
16.790000000000013,-0.8829159465049168
16.800000000000015,-0.8875670335815111
16.810000000000016,-0.892129364694384
16.820000000000014,-0.8966024836142243
16.830000000000013,-0.9009859430328696
16.840000000000014,-0.9052793046080323
16.850000000000016,-0.909482139007131
16.860000000000014,-0.9135940259502269
16.87000000000001,-0.9176145542520535
16.880000000000013,-0.9215433218631327
16.890000000000015,-0.9253799359099757
16.900000000000013,-0.9291240127343736
16.910000000000014,-0.932775177931767
16.920000000000016,-0.9363330663886772
16.930000000000014,-0.9397973223192222
16.940000000000012,-0.9431675993006972
16.950000000000014,-0.9464435603082135
16.960000000000015,-0.9496248777483995
16.970000000000013,-0.9527112334921609
16.980000000000015,-0.9557023189064976
16.990000000000016,-0.9585978348853595
17.000000000000014,-0.9613974918795608
17.010000000000016,-0.964101009925737
17.020000000000014,-0.9667081186743345
17.030000000000015,-0.9692185574166529
17.040000000000013,-0.9716320751109081
17.050000000000015,-0.9739484304073439
17.060000000000013,-0.9761673916723591
17.070000000000014,-0.978288737011678
17.080000000000013,-0.9803122542925328
17.090000000000014,-0.9822377411648833
17.100000000000016,-0.9840650050816458
17.110000000000014,-0.9857938633179512
17.120000000000015,-0.9874241429894175
17.130000000000013,-0.988955681069435
17.140000000000015,-0.990388324405473
17.150000000000013,-0.9917219297343909
17.160000000000014,-0.9929563636967679
17.170000000000016,-0.9940915028502362
17.180000000000014,-0.9951272336818258
17.190000000000015,-0.9960634526193176
17.200000000000014,-0.9969000660415972
17.210000000000015,-0.9976369902880202
17.220000000000013,-0.9982741516667756
17.230000000000015,-0.9988114864622569
17.240000000000016,-0.999248940941432
17.250000000000014,-0.9995864713592176
17.260000000000016,-0.9998240439628533
17.270000000000014,-0.9999616349952766
17.280000000000015,-0.9999992306974989
17.290000000000013,-0.9999368273099815
17.300000000000015,-0.9997744310730108
17.310000000000013,-0.9995120582260756
17.320000000000014,-0.9991497350062416
17.330000000000016,-0.9986874976455289
17.340000000000014,-0.9981253923672887
17.350000000000016,-0.9974634753815799
17.360000000000014,-0.9967018128795501
17.370000000000015,-0.995840481026814
17.380000000000013,-0.9948795659558398
17.390000000000015,-0.9938191637573334
17.400000000000013,-0.9926593804706314
17.410000000000014,-0.9914003320730954
17.420000000000016,-0.9900421444685161
17.430000000000014,-0.988584953474523
17.440000000000015,-0.9870289048089999
17.450000000000014,-0.9853741540755178
17.460000000000015,-0.9836208667477699
17.470000000000013,-0.9817692181530292
17.480000000000015,-0.9798193934546109
17.490000000000016,-0.9777715876333605
17.500000000000014,-0.9756260054681545
17.510000000000016,-0.9733828615154198
17.520000000000014,-0.9710423800876841
17.530000000000015,-0.968604795231138
17.540000000000013,-0.9660703507022377
17.550000000000015,-0.9634392999433221
17.560000000000016,-0.9607119060572757
17.570000000000014,-0.9578884417812151
17.580000000000016,-0.954969189459213
17.590000000000014,-0.9519544410140711
17.600000000000016,-0.9488444979181195
17.610000000000014,-0.9456396711630782
17.620000000000015,-0.94234028122895
17.630000000000013,-0.938946658051981
17.640000000000015,-0.9354591409916585
17.650000000000016,-0.9318780787967835
17.660000000000014,-0.9282038295705926
17.670000000000016,-0.924436760734944
17.680000000000014,-0.9205772489935845
17.690000000000015,-0.9166256802944696
17.700000000000014,-0.9125824497911786
17.710000000000015,-0.90844796180339
17.720000000000013,-0.9042226297764602
17.730000000000015,-0.8999068762400674
17.740000000000016,-0.8955011327659704
17.750000000000014,-0.8910058399248469
17.760000000000016,-0.8864214472422318
17.770000000000014,-0.8817484131535761
17.780000000000015,-0.8769872049583913
17.790000000000013,-0.8721382987735325
17.800000000000015,-0.8672021794855743
17.810000000000016,-0.8621793407023335
17.820000000000014,-0.8570702847035047
17.830000000000016,-0.8518755223904265
17.840000000000014,-0.846595573235005
17.850000000000016,-0.8412309652277521
17.860000000000014,-0.8357822348250019
17.870000000000015,-0.83024992689525
17.880000000000017,-0.8246345946646813
17.890000000000015,-0.8189367996618413
17.900000000000016,-0.8131571116614782
17.910000000000014,-0.8072961086275796
17.920000000000016,-0.8013543766555606
17.930000000000014,-0.7953325099136714
17.940000000000015,-0.7892311105835635
17.950000000000014,-0.7830507888000899
17.960000000000015,-0.7767921625902742
17.970000000000017,-0.770455857811524
17.980000000000015,-0.7640425080890394
17.990000000000016,-0.7575527547524435
18.000000000000014,-0.7509872467716667
18.010000000000016,-0.7443466406920309
18.020000000000014,-0.7376316005686151
18.030000000000015,-0.730842797899831
18.040000000000013,-0.723980911560293
18.050000000000015,-0.717046627732912
18.060000000000016,-0.7100406398402943
18.070000000000014,-0.7029636484753938
18.080000000000016,-0.6958163613314443
18.090000000000014,-0.6885994931312093
18.100000000000016,-0.6813137655554895
18.110000000000014,-0.6739599071709764
18.120000000000015,-0.666538653357375
18.130000000000017,-0.6590507462338848
18.140000000000015,-0.6514969345849811
18.150000000000016,-0.6438779737855285
18.160000000000014,-0.6361946257252632
18.170000000000016,-0.628447658732583
18.180000000000014,-0.6206378474977371
18.190000000000015,-0.612765972995335
18.200000000000017,-0.60483282240627
18.210000000000015,-0.5968391890389928
18.220000000000017,-0.5887858722501733
18.230000000000015,-0.5806736773647849
18.240000000000016,-0.5725034155955502
18.250000000000014,-0.5642759039618435
18.260000000000016,-0.5559919652079659
18.270000000000014,-0.5476524277208957
18.280000000000015,-0.5392581254474259
18.290000000000017,-0.5308098978107917
18.300000000000015,-0.5223085896267194
18.310000000000016,-0.5137550510189371
18.320000000000014,-0.5051501373341839
18.330000000000016,-0.4964947090566511
18.340000000000014,-0.48778963172196
18.350000000000016,-0.4790357758305836
18.360000000000014,-0.47023401676082244
18.370000000000015,-0.46138523468124243
18.380000000000017,-0.4524903144626807
18.390000000000015,-0.4435501455897498
18.400000000000016,-0.4345656220718807
18.410000000000014,-0.4255376423539444
18.420000000000016,-0.4164671092263831
18.430000000000014,-0.40735492973495707
18.440000000000015,-0.3982020150900156
18.450000000000017,-0.3890092805753991
18.460000000000015,-0.37977764545690157
18.470000000000017,-0.37050803289033546
18.480000000000015,-0.3612013698292392
18.490000000000016,-0.3518585869321569
18.500000000000014,-0.3424806184695992
18.510000000000016,-0.33306840223059075
18.520000000000017,-0.3236228794289154
18.530000000000015,-0.31414499460898526
18.540000000000017,-0.3046356955513775
18.550000000000015,-0.2950959331780802
18.560000000000016,-0.2855266614573742
18.570000000000014,-0.2759288373084639
18.580000000000016,-0.26630342050575934
18.590000000000014,-0.2566513735829264
18.600000000000016,-0.24697366173660712
18.610000000000017,-0.2372712527299249
18.620000000000015,-0.2275451167956985
18.630000000000017,-0.2177962265394094
18.640000000000015,-0.20802555684196605
18.650000000000016,-0.19823408476218912
18.660000000000014,-0.18842278943913396
18.670000000000016,-0.17859265199414984
18.680000000000014,-0.16874465543279654
18.690000000000015,-0.15887978454651652
18.700000000000017,-0.14899902581418123
18.710000000000015,-0.13910336730343348
18.720000000000017,-0.12919379857187097
18.730000000000015,-0.11927131056811592
18.740000000000016,-0.10933689553269296
18.750000000000014,-0.09939154689883403
18.760000000000016,-0.08943625919310771
18.770000000000017,-0.07947202793599203
18.780000000000015,-0.06949984954231278
18.790000000000017,-0.05952072122159209
18.800000000000015,-0.04953564087835323
18.810000000000016,-0.039545607012302544
18.820000000000014,-0.02955161861850874
18.830000000000016,-0.0195546750874758
18.840000000000018,-0.009555776105229626
18.850000000000016,0.00044407844666040217
18.860000000000017,0.01044388859107938
18.870000000000015,0.02044265435533891
18.880000000000017,0.030439375871201945
18.890000000000015,0.04043305347484037
18.900000000000016,0.050422687806828966
18.910000000000014,0.06040727991205209
18.920000000000016,0.0703858313396268
18.930000000000017,0.08035734424272219
18.940000000000015,0.090320821478354
18.950000000000017,0.10027526670710862
18.960000000000015,0.11021968449275145
18.970000000000017,0.12015308040179795
18.980000000000015,0.13007446110292797
18.990000000000016,0.13998283446634627
19.000000000000014,0.1498772096629664
19.010000000000016,0.15975659726352096
19.020000000000017,0.16962000933747926
19.030000000000015,0.1794664595518498
19.040000000000017,0.18929496326982356
19.050000000000015,0.19910453764921215
19.060000000000016,0.20889420174075918
19.070000000000014,0.21866297658620656
19.080000000000016,0.22840988531621736
19.090000000000018,0.23813395324803743
19.100000000000016,0.2478342079829736
19.110000000000017,0.2575096795036427
19.120000000000015,0.2671594002709487
19.130000000000017,0.27678240532086307
19.140000000000015,0.28637773236089326
19.150000000000016,0.295944421866338
19.160000000000018,0.3054815171762157
19.170000000000016,0.3149880645889394
19.180000000000017,0.32446311345769685
19.190000000000015,0.33390571628549015
19.200000000000017,0.34331492881991205
19.210000000000015,0.3526898101475435
19.220000000000017,0.3620294227880707
19.230000000000015,0.37133283278800594
19.240000000000016,0.3805991098141087
19.250000000000018,0.3898273272463949
19.260000000000016,0.39901656227080823
19.270000000000017,0.40816589597151043
19.280000000000015,0.41727441342274935
19.290000000000017,0.4263412037803767
19.300000000000015,0.435365360372906
19.310000000000016,0.44434598079220444
19.320000000000014,0.4532821669837076
19.330000000000016,0.4621730253362494
19.340000000000018,0.47101766677140045
19.350000000000016,0.4798152068323847
19.360000000000017,0.4885647657725335
19.370000000000015,0.49726546864323784
19.380000000000017,0.5059164453814675
19.390000000000015,0.5145168308967515
19.400000000000016,0.5230657651577115
19.410000000000018,0.5315623932780424
19.420000000000016,0.5400058656020098
19.430000000000017,0.5483953377894233
19.440000000000015,0.5567299709000495
19.450000000000017,0.5650089314775286
19.460000000000015,0.5732313916326964
19.470000000000017,0.581396529126395
19.480000000000018,0.5895035274516764
19.490000000000016,0.5975515759154612
19.500000000000018,0.6055398697196152
19.510000000000016,0.6134676100414093
19.520000000000017,0.6213340041134233
19.530000000000015,0.6291382653027999
19.540000000000017,0.636879613189929
19.550000000000015,0.6445572736464678
19.560000000000016,0.6521704789127738
19.570000000000018,0.6597184676746621
19.580000000000016,0.6672004851395438
19.590000000000018,0.6746157831119128
19.600000000000016,0.6819636200681459
19.610000000000017,0.689243261230676
19.620000000000015,0.6964539786414479
19.630000000000017,0.7035950512347345
19.640000000000015,0.7106657649092224
19.650000000000016,0.7176654125994414
19.660000000000018,0.7245932943464529
19.670000000000016,0.7314487173678531
19.680000000000017,0.7382309961270576
19.690000000000015,0.7449394524018373
19.700000000000017,0.75157341535216
19.710000000000015,0.7581322215872544
19.720000000000017,0.7646152152319668
19.730000000000018,0.7710217479923335
19.740000000000016,0.7773511792204146
19.750000000000018,0.7836028759783664
19.760000000000016,0.7897762131017183
19.770000000000017,0.795870573261907
19.780000000000015,0.8018853470279905
19.790000000000017,0.807819932927609
19.80000000000002,0.8136737375071157
19.810000000000016,0.8194461753909288
19.820000000000018,0.8251366693400743
19.830000000000016,0.8307446503098955
19.840000000000018,0.8362695575069726
19.850000000000016,0.841710838445186
19.860000000000017,0.8470679490009803
19.870000000000015,0.85234035346776
19.880000000000017,0.8575275246094761
19.89000000000002,0.8626289437133352
19.900000000000016,0.8676441006416762
19.910000000000018,0.8725724938829891
19.920000000000016,0.8774136306020534
19.930000000000017,0.8821670266892346
19.940000000000015,0.8868322068088821
19.950000000000017,0.8914087044468747
19.960000000000015,0.895896061957259
19.970000000000017,0.9002938306080269
19.980000000000018,0.9046015706259762
19.990000000000016,0.9088188512406936
